"ID","Area","Feature","User story","Expected behavior based on code","Code evidence","Feature status","Test status","Errors documented","Fix status","Retest status","Notes"
"F001","Onboarding","First launch permission education","As a new user I want a clear explanation before system permission prompts so I understand why the app asks for sensitive access.","First-time launch enters permission explanation before requesting permissions; the screen lists categorized permissions using resource-backed descriptions and continues into permission requests.","MainActivity.kt; PermissionExplanationScreen.kt; PermissionManager.kt; strings.xml","Documented","Static code inspection","None found in static inspection.","Not needed","Not run","Device/emulator validation required."
"F002","Onboarding","Runtime permission request flow","As a user I want Bluetooth, location, optional notification, and conditionally Wi-Fi Aware permissions requested only as needed so setup can complete without manual restart.","OnboardingCoordinator requests missing required permissions plus optional notification permission, checks critical required grants, routes to background location, completion, partial-warning completion, or error. Microphone is not part of onboarding.","MainActivity.kt; OnboardingCoordinator.kt; PermissionManager.kt","Documented","Static code inspection","None found in static inspection.","Not needed","Not run","Needs Android API matrix testing."
"F003","Onboarding","Bluetooth status check","As a user I want the app to detect disabled or unsupported Bluetooth and guide me to enable it so mesh chat can work.","Existing users are checked before app initialization unless BLE is disabled in debug settings; disabled or unsupported Bluetooth shows BluetoothCheckScreen; skip is session-scoped.","MainActivity.kt; BluetoothStatusManager.kt; BluetoothCheckScreen.kt; MainViewModel.kt","Documented","Static code inspection","None found in static inspection.","Not needed","Not run","Requires hardware or emulator capability checks."
"F004","Onboarding","Location services check","As a user I want the app to detect disabled or unavailable location services because Android BLE scanning depends on location state.","LocationCheckScreen appears when services are disabled or unavailable; enabled services allow onboarding to continue to battery optimization or permissions.","MainActivity.kt; LocationStatusManager.kt; LocationCheckScreen.kt","Documented","Static code inspection","None found in static inspection.","Not needed","Not run","Requires device settings manipulation."
"F005","Onboarding","Background location recommendation","As a user I want to decide whether to grant background location so mesh reliability can improve while I understand it is optional.","If Android version needs background location and it is not granted or skipped, the flow shows BackgroundLocationPermissionScreen with continue, retry, and skip paths.","MainActivity.kt; BackgroundLocationPermissionScreen.kt; BackgroundLocationPreferenceManager.kt; PermissionManager.kt","Documented","Static code inspection","None found in static inspection.","Not needed","Not run","Needs API 29+ testing."
"F006","Onboarding","Battery optimization prompt","As a user I want the app to explain battery optimization tradeoffs and let me disable or skip it so background mesh is reliable.","BatteryOptimizationScreen appears for existing users when optimization is enabled and not skipped; disable, retry, and skip paths are wired. First-time launch skips this check until after permissions.","MainActivity.kt; BatteryOptimizationManager.kt; BatteryOptimizationScreen.kt; BatteryOptimizationPreferenceManager.kt","Documented","Static code inspection","None found in static inspection.","Not needed","Not run","Requires vendor/device behavior testing."
"F007","Onboarding","Initialization and retry error screen","As a user I want failed startup to show a recoverable error with retry and settings actions.","Initialization verifies permissions, starts unified mesh services, handles notification/verification intents, and updates MainViewModel to COMPLETE. Failures update error state and show InitializationErrorScreen with retry and app settings actions; error strings are resource-backed.","MainActivity.kt; InitializingScreen.kt; InitializationErrorScreen.kt; strings.xml","Documented","Static code inspection","None found in static inspection.","Not needed","Not run","Can be unit tested with state transitions."
"F008","Lifecycle","Resume checks for disabled services","As a returning user I want the app to notice if Bluetooth or location was disabled in the background so messaging does not silently fail.","onResume reattaches the mesh delegate when onboarding is complete, rechecks Bluetooth and location, routes back to the relevant check screen if disabled, and starts Wi-Fi Aware when location is enabled.","MainActivity.kt","Documented","Static code inspection","None found in static inspection.","Not needed","Not run","Needs lifecycle instrumentation."
"F009","Background service","Foreground mesh service notification","As a user I want the mesh to keep running in the background with a persistent notification showing peer count.","MeshForegroundService.start only launches when background mode, Bluetooth/location, and notification permission gates allow it; onStartCommand creates or reuses mesh services, starts Wi-Fi Aware/BLE as eligible, promotes to foreground, updates peer count every 5 seconds, and clears the notification when eligibility is lost.","MeshForegroundService.kt; MeshServicePreferences.kt","Documented","Static code inspection","None found in static inspection.","Not needed","Not run","Requires Android foreground service validation."
"F010","Background service","Quit from foreground notification","As a user I want a notification action to fully quit bitchat so background network activity stops.","Notification action sends ACTION_QUIT; service cancels update work, stops foreground state, clears notification, stops mesh and Tor best-effort through AppShutdownCoordinator, clears AppStateStore, broadcasts UI force-finish, and kills the process after shutdown timeout.","MeshForegroundService.kt; AppShutdownCoordinator.kt; MainActivity.kt","Documented","Static code inspection","None found in static inspection.","Not needed","Not run","Needs notification interaction test."
"F011","Background service","Boot restart receiver","As a user who enabled background operation I want the app to resume mesh after reboot when permissions allow.","AndroidManifest declares RECEIVE_BOOT_COMPLETED and registers BootCompletedReceiver for BOOT_COMPLETED and LOCKED_BOOT_COMPLETED. BootCompletedReceiver initializes MeshServicePreferences and starts MeshForegroundService only when auto-start is enabled.","BootCompletedReceiver.kt; AndroidManifest.xml; MeshForegroundService.kt","Documented","Static code inspection","None found in static inspection.","Not needed","Not run","Runtime reboot behavior still needs device/instrumented verification."
"F012","Chat","Nickname generation, edit, and persistence","As a user I want a nickname assigned automatically and editable from the header so peers see a human-readable name.","DataManager loads saved nickname or creates anon####; NicknameEditor edits header text; ChatViewModel.setNickname updates state, persists the value, and sends a broadcast announce.","DataManager.kt; ChatHeader.kt; ChatViewModel.kt","Documented","Static code inspection","None found in static inspection.","Not needed","Not run","Unit and UI test candidates."
"F013","Chat","Public mesh message send","As a user I want to type and send a public mesh message so nearby peers can receive it.","Chat input sends trimmed non-empty text; ChatViewModel routes commands first, then sends private, geohash, channel, encrypted-channel, or public mesh messages; public mesh sends are locally added through MessageManager/AppStateStore before mesh send.","ChatScreen.kt; InputComponents.kt; ChatViewModel.kt; MessageManager.kt; AppStateStore.kt","Documented","Static code inspection","None found in static inspection.","Not needed","Not run","Needs fake MeshService unit test."
"F014","Chat","Public mesh message receive","As a user I want incoming mesh messages to appear once in the timeline with sender metadata.","Bluetooth and Wi-Fi Aware receive paths add non-channel messages to AppStateStore with id/content de-duplication; ChatViewModel collects publicMessages into ChatState; MeshDelegateHandler separately deduplicates callback handling for notifications and blocked-sender checks.","BluetoothMeshService.kt; WifiAwareMeshService.kt; MeshDelegateHandler.kt; AppStateStore.kt; ChatViewModel.kt","Documented","Static code inspection","None found in static inspection.","Not needed","Not run","Needs protocol/handler tests."
"F015","Chat","Message rendering","As a user I want text, media, sender, timestamp, mentions, channels, and status rendered consistently in chat.","ChatScreen selects the active public, classic channel, or geohash timeline; MessagesList reverse-renders latest messages; MessageItem delegates image/audio/file rendering, formats text with sender/timestamp/mentions/geohash/URL annotations, and overlays delivery status for own private messages.","ChatScreen.kt; MessageComponents.kt; ChatUIUtils.kt; MessageSpecialParser.kt","Documented","Static code inspection","None found in static inspection.","Not needed","Not run","Needs Compose screenshot checks."
"F016","Chat","Scroll to bottom","As a user reading older messages I want a visible control to jump back to the newest message.","MessagesList tracks whether the reverse-layout list is near index 0, reports scrolled-up state, follows incoming messages only while at latest, and ChatScreen shows an ArrowDownward IconButton that toggles forced scroll to item 0.","ChatScreen.kt; MessageComponents.kt","Documented","Static code inspection","None found in static inspection.","Not needed","Not run","Needs UI test."
"F017","Chat","Tap sender to mention","As a user I want tapping a sender nickname to insert an @mention into the input.","Message text/header add nickname_click annotations for non-self senders; ChatScreen inserts @nickname with spacing and preserves geohash hash suffixes when the selected location channel is active.","ChatScreen.kt; MessageComponents.kt; ChatUIUtils.kt","Documented","Static code inspection","None found in static inspection.","Not needed","Not run","Needs UI test."
"F018","Chat","Long press message actions","As a user I want long-pressing a message to open actions for the message and user.","Message text and media/header long-press callbacks pass the selected BitchatMessage to ChatScreen; ChatScreen stores the base sender and selected message, then presents ChatUserSheet with copy, private message, slap, hug, and block actions as applicable.","ChatScreen.kt; MessageComponents.kt; ChatUserSheet.kt","Documented","Static code inspection","None found in static inspection.","Not needed","Not run","Needs UI test."
"F019","Chat","Message action sheet copy","As a user I want to copy message text from the action sheet.","ChatUserSheet shows Copy Message when selectedMessage exists and writes selectedMessage.content to LocalClipboardManager before dismissing.","ChatUserSheet.kt","Documented","Static code inspection","None found in static inspection.","Not needed","Not run","Needs clipboard instrumentation; media/file messages may copy their content/path representation rather than a human-friendly summary."
"F020","Chat","Panic triple-tap data wipe","As a user in an emergency I want triple-tapping the app title to clear messages, keys, settings, media, notifications, and restart identity.","MainHeader wires the app brand to singleOrTripleClickable; triple-click calls panicClearAllData, which clears message/channel/private chat/data managers, seen message store, mesh data, cryptographic data, notifications, media, geohash/bookmark state, resets nickname, recreates MeshServiceHolder services, restarts mesh, and broadcasts announce.","ChatHeader.kt; ChatViewModel.kt; FileUtils.kt; MeshServiceHolder.kt","Documented","Static code inspection","None found in static inspection.","Not needed","Not run","High-risk; requires dedicated device/instrumented test plan."
"F021","Settings","About sheet","As a user I want app identity, version, feature summaries, and settings in one sheet.","Tapping the app title opens AboutSheet; it reads app version, renders identity/tagline, feature rows, theme/background/PoW/Tor controls, emergency warning, optional debug settings link, footer, and close action. Several hardcoded AboutSheet setting/status labels were moved to string resources during inspection.","ChatHeader.kt; ChatScreen.kt; AboutSheet.kt; strings.xml","Documented","Static code inspection","Localized several hardcoded AboutSheet labels/status strings found during static inspection.","Fixed pending verification","Not run","Needs UI screenshot and localization smoke test."
"F022","Settings","Theme selection","As a user I want system, light, or dark theme selection persisted across launches.","AboutSheet theme chips collect ThemePreferenceManager.themeFlow and write System, Light, or Dark to SharedPreferences; BitchatApplication initializes the manager and BitchatTheme consumes the flow to choose system, light, or dark Material color schemes.","AboutSheet.kt; ThemePreference.kt; Theme.kt; BitchatApplication.kt","Documented","Static code inspection","None found in static inspection.","Not needed","Not run","Needs settings persistence test."
"F023","Settings","Background mode toggle","As a user I want to enable or disable background mesh operation from settings.","AboutSheet background toggle mirrors MeshServicePreferences.isBackgroundEnabled, persists changes, stops MeshForegroundService when disabled, and starts it when re-enabled. MeshForegroundService still gates foreground start on Bluetooth/location and notification permissions.","AboutSheet.kt; MeshServicePreferences.kt; MeshForegroundService.kt","Documented","Static code inspection","None found in static inspection.","Not needed","Not run","Needs service lifecycle test."
"F024","Settings","Tor toggle and status","As a user I want to route internet traffic over Tor when available and see bootstrap status.","AboutSheet disables the Tor toggle when ArtiTorManager reports unavailable, persists ON/OFF through TorPreferenceManager when available, shows status color and bootstrap/log detail while ON, and ChatHeader shows a compact Tor status dot when mode is not OFF.","AboutSheet.kt; ChatHeader.kt; ArtiTorManager.kt; TorPreferenceManager.kt","Documented","Static code inspection","Localized hardcoded AboutSheet Tor title and connected/disconnected status labels during static inspection.","Fixed pending verification","Not run","Requires native library/runtime validation."
"F025","Settings","Geohash proof-of-work toggle and difficulty","As a user I want optional PoW for geohash messages to reduce spam.","AboutSheet initializes PoWPreferenceManager, toggles enabled state, shows a 0-32 difficulty slider, and displays mining estimate; GeohashViewModel marks local geohash messages with configured difficulty, NostrProtocol mines events before signing when enabled, and NostrClient/GeohashMessageHandler reject insufficient-PoW incoming events.","AboutSheet.kt; PoWPreferenceManager.kt; PoWStatusIndicator.kt; GeohashViewModel.kt; NostrProtocol.kt; NostrClient.kt; GeohashMessageHandler.kt; NostrProofOfWork.kt","Documented","Static code inspection","Localized hardcoded AboutSheet PoW section/value labels during static inspection.","Fixed pending verification","Not run","Needs Nostr event unit tests."
"F026","Debug","Debug settings sheet","As a developer/user I want diagnostics for logging, BLE roles, transports, packet relay, sync, devices, scans, and console output.","AboutSheet opens DebugSettingsSheet through onShowDebug; DebugSettingsSheet collects DebugSettingsManager flows for verbose logging, BLE/GATT toggles and limits, Wi-Fi Aware toggles/support, packet relay stats/graphs, sync settings, connected device actions, and console messages; DebugPreferenceManager persists preference-backed toggles.","AboutSheet.kt; DebugSettingsSheet.kt; DebugSettingsManager.kt; DebugPreferenceManager.kt","Documented","Static code inspection","None found in this static inspection; broader localization/debug copy caveat remains in F089.","Not needed","Not run","Large UI surface; needs focused smoke tests."
"F027","Peer list","Peer counter and network sheet","As a user I want a compact network count and a detailed sheet of peers, channels, and network state.","Header PeerCounter displays mesh connected peer count or geohash participant count plus joined channel count; tapping it calls onSidebarClick and opens MeshPeerListSheet, which lists joined channels, mesh peers, offline favorites, unread DM indicators, transport/status icons, verification state, and geohash people when in a location channel.","ChatHeader.kt; MeshPeerListSheet.kt; GeohashPeopleList.kt","Documented","Static code inspection","None found in static inspection.","Not needed","Not run","Needs Compose UI test."
"F028","Peer list","Mesh peer list private chat launch","As a user I want to tap a peer and open a private chat sheet.","MeshPeerListSheet peer rows call onPrivateChatStart, which sets privateChatSheetPeer and dismisses the network sheet; ChatScreen renders PrivateChatSheet, and PrivateChatSheet starts the private chat in LaunchedEffect(peerID), initializing state, clearing unread markers, and starting Noise handshake if needed.","MeshPeerListSheet.kt; ChatScreen.kt; ChatViewModel.kt; PrivateChatManager.kt","Documented","Static code inspection","None found in static inspection.","Not needed","Not run","Needs fake peer state test."
"F029","Private chat","Private message send","As a user I want to send direct encrypted messages to a peer.","PrivateChatManager starts chats only when not blocked, initiates or prompts Noise session setup, creates a local private BitchatMessage with Sending status, stores it in the peer conversation/AppStateStore, and ChatViewModel routes send through MessageRouter, which sends over ready mesh, sends over Nostr for mapped mutual favorites/geohash aliases, queues otherwise, and initiates handshake when mesh-connected but not ready.","PrivateChatManager.kt; ChatViewModel.kt; MessageRouter.kt; MeshService.kt; AppStateStore.kt","Documented","Static code inspection","None found in static inspection.","Not needed","Not run","Needs fake MeshService and router test."
"F030","Private chat","Private message receive and unread state","As a user I want incoming DMs to appear in the peer conversation and mark unread until viewed.","Mesh-origin private messages are stored by transport/AppStateStore and collected into ChatState; PrivateChatManager initializes the conversation, blocks blocked senders, adds Nostr-origin messages directly, marks conversations unread when not focused, sends read receipts and clears unread on focus, and ChatViewModel persists read IDs in SeenMessageStore so recreation does not re-mark read messages unread.","PrivateChatManager.kt; ChatViewModel.kt; SeenMessageStore.kt; AppStateStore.kt; MeshDelegateHandler.kt","Documented","Static code inspection","None found in static inspection.","Not needed","Not run","Needs state persistence test."
"F031","Private chat","Read receipts and delivery status","As a user I want private messages to show sending, sent, delivered, failed, and read states.","PrivateChatManager creates outgoing private messages with Sending status, now marks them Sent after the router callback accepts the send and Failed if that callback throws; MessageManager applies priority-based status updates and syncs AppStateStore; MeshDelegateHandler maps delivery acks to Delivered and read receipts to Read; MessageComponents renders all DeliveryStatus variants.","PrivateChatManager.kt; MessageManager.kt; MeshDelegateHandler.kt; MessageComponents.kt; BitchatMessage.kt; AppStateStore.kt","Documented","Static code inspection","Static inspection found private text messages had no normal Sent/Failed transition. Added Sent/Failed updates around the send callback.","Fixed pending verification","Not run","Needs user-story validation and router failure test."
"F032","Peer management","Favorites","As a user I want to favorite peers and persist that relationship across sessions.","MeshPeerListSheet and PrivateChatSheet star buttons call ChatViewModel.toggleFavorite; PrivateChatManager toggles the local fingerprint set, DataManager persists it in SharedPreferences, ChatViewModel updates FavoritesPersistenceService relationship state from Noise keys, and MessageRouter sends favorite/unfavorite notifications via mesh or Nostr when possible.","MeshPeerListSheet.kt; ChatViewModel.kt; PrivateChatManager.kt; DataManager.kt; FavoritesPersistenceService.kt; MessageRouter.kt","Documented","Static code inspection","None found in static inspection.","Not needed","Not run","Needs persistence tests."
"F033","Peer management","Block and unblock mesh peers","As a user I want to block abusive mesh peers and later unblock them.","CommandProcessor exposes /block to list blocked fingerprints or block a nickname and /unblock <nickname>; PrivateChatManager resolves nicknames to peer IDs, stores blocked fingerprints in DataManager, prevents starting/sending private chats with blocked peers, filters incoming blocked sender messages, and emits system messages for block/unblock results.","CommandProcessor.kt; PrivateChatManager.kt; DataManager.kt; MeshDelegateHandler.kt","Documented","Static code inspection","None found in static inspection; user-facing command result strings remain partly hardcoded and tracked in F089.","Not needed","Not run","Needs fake peers test."
"F034","Security","Noise session icon/status","As a user I want to see private chat encryption session state before trusting the conversation.","NoiseSessionIcon maps uninitialized, handshaking, established, and failed states to resource-backed content descriptions, icons, and colors; ChatViewModel keeps peerSessionStates updated from mesh sessions; PrivateChatSheet and SecurityVerificationSheet display session/verification state and allow starting a handshake for eligible peers.","ChatHeader.kt; MeshPeerListSheet.kt; SecurityVerificationSheet.kt; ChatViewModel.kt","Documented","Static code inspection","None found in static inspection.","Not needed","Not run","Needs UI and state tests."
"F035","Security","Fingerprint security sheet","As a user I want to compare fingerprints and mark a peer verified.","SecurityVerificationSheet displays peer and own fingerprints, session/verified status, long-press copy menu, start-handshake action when no fingerprint is available for a 16-hex peer, mark verified action, and remove verification action; VerificationHandler persists verified fingerprints through SecureIdentityStateManager.","SecurityVerificationSheet.kt; VerificationHandler.kt; VerificationService.kt; SecureIdentityStateManager.kt","Documented","Static code inspection","None found in static inspection.","Not needed","Not run","Needs clipboard/storage tests."
"F036","Security","QR verification","As a user I want to show my QR, scan another QR, paste a verification URL, and complete mutual verification.","VerificationSheet builds a signed QR URL from VerificationService, renders it as a QR code, scans camera frames with CameraX/ML Kit, now accepts pasted verification URLs with validation feedback, and calls beginQRVerification. VerificationHandler matches the scanned Noise key to connected peers, initiates Noise if needed, sends challenge/response over established sessions, verifies signed responses, persists verified fingerprints, emits system messages/notifications, and MainActivity handles bitchat://verify deep links.","VerificationSheet.kt; VerificationHandler.kt; VerificationService.kt; MainActivity.kt; BluetoothMeshService.kt; MeshCore.kt","Documented","Static code inspection","Static inspection found the pasted verification URL path was advertised but missing from VerificationSheet. Added paste field, validate action, and invalid URL feedback; tab labels moved to resources.","Fixed pending verification","Not run","Requires camera/permission/deep-link test."
"F037","Notifications","Private message notifications","As a user I want background DMs to notify me and open the relevant private chat.","NotificationManager shows private notifications when the app is backgrounded or not focused on that sender, groups by sender, includes EXTRA_OPEN_PRIVATE_CHAT and peer extras, and updates summaries. MainActivity handles the extra by showing the peer list/private chat sheet and clearing notifications for that sender; ChatViewModel also clears sender notifications when a private chat starts.","NotificationManager.kt; MainActivity.kt; ChatViewModel.kt","Documented","Static code inspection","None found in static inspection.","Not needed","Not run","Needs notification instrumentation."
"F038","Notifications","Geohash chat notifications","As a user I want geohash messages and mentions to notify me and return to that location channel.","NotificationManager shows geohash notifications when the app is backgrounded or not focused on that geohash, prioritizes mentions, groups by geohash, includes EXTRA_OPEN_GEOHASH_CHAT, and updates summaries. MainActivity maps geohash length to a channel level, selects the Location channel, updates current notification geohash, and clears that geohash notification; GeohashViewModel clears notifications when switching location channels.","NotificationManager.kt; MainActivity.kt; GeohashViewModel.kt","Documented","Static code inspection","None found in static inspection.","Not needed","Not run","Needs notification instrumentation."
"F039","Notifications","Mesh mention notifications","As a user I want mentions in mesh chat to surface when I am away from the timeline.","MeshDelegateHandler checks public mesh message content for @currentNickname mentions; NotificationManager shows grouped mesh mention notifications when app is backgrounded or user is not viewing mesh, and ChatViewModel/GeohashViewModel clear mesh mention notifications when returning to mesh context.","MeshDelegateHandler.kt; NotificationManager.kt; ChatViewModel.kt; GeohashViewModel.kt","Documented","Static code inspection","None found in static inspection.","Not needed","Not run","Needs mention parsing validation."
"F040","Notifications","Nearby active peer notification","As a user I want to know when people are nearby if the app is in the background.","MeshDelegateHandler calls NotificationManager.showActiveUserNotification on peer-list updates; NotificationManager only notifies in background, only for newly seen peers, and only after ACTIVE_PEERS_NOTIFICATION_INTERVAL_MS has elapsed, using resource-backed one/many count text and opening the app on tap.","MeshDelegateHandler.kt; NotificationManager.kt; NotificationIntervalManager.kt; strings.xml","Documented","Static code inspection","None found in static inspection.","Not needed","Not run","Needs notification instrumentation and interval validation."
"F041","Media","Image picker and image send","As a user I want to attach an image, have it compressed, locally echoed, transferred, and shown in the chat.","ImagePickerButton opens the system image picker on tap and camera capture on long-press with CAMERA permission, downscales selected/captured images into app files, and calls sendImageNote; MediaSendingManager wraps the image as a BitchatFilePacket, adds a local Image message, seeds transfer progress, sends through mesh file APIs, and MessageComponents/ImageMessageItem render the image with progress/cancel support.","ImagePickerButton.kt; ImageUtils.kt; InputComponents.kt; MediaSendingManager.kt; MessageComponents.kt; ImageMessageItem.kt","Documented","Static code inspection","None found in static inspection.","Not needed","Not run","Needs UI, camera, and file-system tests."
"F042","Media","Voice note recording and send","As a user I want to hold the microphone, see live waveform/timer, release to send, and keep keyboard state stable.","MessageInput keeps the text field mounted and overlays RealtimeScrollingWaveform/timer during recording; VoiceRecordButton requests RECORD_AUDIO on use, records while pressed, polls amplitude every 80ms, auto-stops at 10 seconds, adds a short release tail, extracts/caches waveform data, and MediaSendingManager sends the audio packet as Audio media.","InputComponents.kt; VoiceInputComponents.kt; VoiceRecorder.kt; Waveform.kt; MediaSendingManager.kt","Documented","Static code inspection","None found in static inspection.","Not needed","Not run","Requires RECORD_AUDIO permission/device."
"F043","Media","Voice playback and waveform seeking","As a user I want to play/pause received voice notes and tap the waveform to seek.","AudioMessageItem delegates audio messages to VoiceNotePlayer; VoiceNotePlayer prepares MediaPlayer asynchronously, play/pause toggles playback when prepared, updates progress every 100ms, releases the player on dispose, and passes seek callbacks to WaveformPreview; WaveformViews loads/caches waveform samples and maps tap x-position to a clamped playback fraction.","AudioMessageItem.kt; VoiceNotePlayer.kt; WaveformViews.kt; MessageComponents.kt","Documented","Static code inspection","None found in static inspection.","Not needed","Not run","Needs media playback test."
"F044","Media","Image fullscreen viewer and save","As a user I want to tap images, browse image messages full-screen, close, and save to Downloads.","ChatScreen collects image paths from the current timeline and opens FullScreenImageViewer at the tapped image; the viewer uses HorizontalPager, renders unavailable placeholders, shows an image counter, closes via button/dismiss, and saves the current image to MediaStore Downloads with success/failure toasts.","ChatScreen.kt; FullScreenImageViewer.kt; ImageMessageItem.kt","Documented","Static code inspection","None found in static inspection.","Not needed","Not run","Needs storage/media permission behavior test."
"F045","Media","Generic file picker","As a user I want to send arbitrary files, not only images and voice notes.","FilePickerButton copies arbitrary content URIs into app files and calls sendFileNote; MessageInput now exposes FilePickerButton next to ImagePickerButton when media buttons are visible; MediaSendingManager preserves filename/MIME, classifies image/audio/generic file types, adds a local message, seeds transfer progress, and sends through mesh file APIs.","InputComponents.kt; FilePickerButton.kt; MediaSendingManager.kt","Fixed pending verification","Static code inspection; Gradle execution blocked","Attachment UI was disabled despite send pipeline existing.","Fixed","Blocked","Needs build/test once Gradle 8.13 is available locally."
"F046","Media","Generic file receive and open/save","As a user I want received files to render as file items and open or save through Android.","MessageHandler saves incoming file packets and classifies MIME; FileMessageItem renders file metadata, opens FileViewerDialog, saves content to Downloads via MediaStore on Android 10+ with legacy fallback, shows success/failure toasts, and falls back to open-file on save failure; FileViewerDialog now consumes a Boolean save result.","MessageHandler.kt; FileUtils.kt; FileMessageItem.kt; FileViewerDialog.kt","Fixed pending verification","Static code inspection; Gradle execution blocked","FileMessageItem save callback was placeholder logging only.","Fixed","Blocked","Needs build/test once Gradle 8.13 is available locally."
"F047","Media","Transfer progress and cancellation","As a user I want large media sends to show progress and allow cancellation.","Bluetooth/Mesh file send paths attach stable transfer IDs based on payload hashes; FragmentingPacketSender emits TransferProgressManager start/progress/complete events; ChatViewModel collects events and MediaSendingManager maps transferId to messageId, updates PartiallyDelivered/Delivered status, and cancelMediaSend asks mesh to cancel, removes the local cached file when found, removes the message, and clears transfer maps.","BluetoothMeshService.kt; MeshCore.kt; FragmentingPacketSender.kt; TransferProgressManager.kt; MediaSendingManager.kt; MessageComponents.kt","Documented","Static code inspection","None found in static inspection.","Not needed","Not run","Needs fragmentation test with fake transport."
"F048","Classic channels","Join or create channel","As a user I want /join or /j to join an existing channel or create a new one.","CommandProcessor handles /j and /join, normalizes the # prefix, accepts an optional password, and calls ChannelManager.joinChannel; ChannelManager verifies or prompts for passwords when needed, adds new joined channel state, sets creator for non-protected new channels, adds self as member, initializes channel messages, switches current channel, saves channel data/key commitments, and emits a joined system message on success.","CommandProcessor.kt; ChannelManager.kt; DataManager.kt","Documented","Static code inspection","None found in static inspection.","Not needed","Not run","Needs unit tests."
"F049","Classic channels","Leave channel","As a user I want to leave a joined channel from the header or sidebar.","ChatHeader channel leave action calls ChatViewModel.leaveChannel; ChannelManager removes the channel from joined state, exits it if selected, removes messages/unread, members, keys/passwords/key commitment, and creator, then persists data. ChatViewModel sends a public mesh left-channel message after leaving.","ChatHeader.kt; MeshPeerListSheet.kt; ChatViewModel.kt; ChannelManager.kt; MessageManager.kt","Documented","Static code inspection","None found in static inspection.","Not needed","Not run","Needs unit test."
"F050","Classic channels","Switch channel and unread counts","As a user I want to switch between joined channels and see unread activity.","ChannelManager.switchToChannel sets currentChannel, exits private-chat selection, and clears unread for the selected channel; MessageManager increments unread counts for classic or geohash channel messages only when not currently viewing that channel; MeshPeerListSheet shows unread counts for channel rows and ChatHeader shows joined channel count.","ChannelManager.kt; MessageManager.kt; MeshPeerListSheet.kt; ChatHeader.kt; ChatState.kt","Documented","Static code inspection","None found in static inspection.","Not needed","Not run","Needs state tests."
"F051","Classic channels","Channel password prompt and set","As a channel creator I want to set a password and have protected channels prompt for a password when joining.","/pass checks current channel and creator, stores a derived key and persisted local key commitment, marks channel protected, and password-protected joins can derive a local key from the supplied password. Creators without a loaded key are prompted instead of bypassing password entry.","CommandProcessor.kt; ChannelManager.kt; DataManager.kt; AboutSheet.kt; ChatScreen.kt","Fixed pending verification","Unit tests added; execution blocked","The unconditional password-verification stub was replaced. Persisted local commitments reject wrong passwords after reload; remote/shared commitments are still not distributed, so passwords for externally protected channels without a local commitment are validated only by successful decryption of future messages.","Fixed pending verification","Blocked: Gradle wrapper download denied by sandbox","Added tests for password join key derivation and persisted commitment rejection; cross-peer commitment sharing remains a protocol gap."
"F052","Classic channels","Encrypted channel send","As a user in a password-protected channel I want channel messages encrypted on the wire.","Protected channel sends now AES-GCM encrypt the message, send it in a BitchatMessage binary envelope, and receivers decode/decrypt that envelope before plaintext fallback. Structured encrypted payloads that cannot decrypt are dropped instead of rendered as plaintext.","ChatViewModel.kt; ChannelManager.kt; MeshService.kt; BluetoothMeshService.kt; MeshCore.kt; MessageHandler.kt","Fixed pending verification","Unit tests added; execution blocked","The no-op send path was replaced. Protected sends without a loaded key are blocked rather than falling back to plaintext, and undecryptable protected payloads no longer fall through to plaintext rendering.","Fixed pending verification","Blocked: Gradle wrapper download denied by sandbox","Added tests for encrypted payload creation/decryption and binary envelope preservation."
"F053","Classic channels","Channel message retention command","As a channel owner/user I want /save to toggle local channel message retention if that feature is implemented.","/save is not implemented in processCommand and MessageRetentionService remains commented out; README and autocomplete no longer advertise it as an available command.","CommandProcessor.kt; MessageRetentionService.kt; README.md","Not implemented; no longer advertised","Blocked: Gradle wrapper download denied by sandbox","False /save README and autocomplete claims were present.","UX false advertising fixed; feature implementation deferred","Blocked","CommandProcessorTest now includes coverage for autocomplete not advertising /save."
"F054","Classic channels","Channel ownership transfer command","As a channel owner I want /transfer to transfer ownership if that feature is implemented.","/transfer is not implemented in processCommand and ChannelManager has no transfer ownership method; README and autocomplete no longer advertise it as an available command.","CommandProcessor.kt; ChannelManager.kt; README.md","Not implemented; no longer advertised","Blocked: Gradle wrapper download denied by sandbox","False /transfer README and autocomplete claims were present.","UX false advertising fixed; feature implementation deferred","Blocked","CommandProcessorTest now includes coverage for autocomplete not advertising /transfer."
"F055","Commands","Slash command autocomplete","As a user I want typing / to suggest valid commands for the current context.","CommandProcessor filters base commands and implemented channel-only commands by prefix/aliases and ChatInputSection displays CommandSuggestionsBox.","CommandProcessor.kt; InputComponents.kt; ChatScreen.kt","Fixed pending verification","Blocked: Gradle wrapper download denied by sandbox","Autocomplete included /save and /transfer even though execution was missing.","Fixed","Blocked","Focused test added in CommandProcessorTest."
"F056","Commands","Mention autocomplete","As a user I want @mentions to suggest available peers or geohash participants.","ChatScreen updates mention suggestions on input changes and inserts selected suggestions into the TextFieldValue; CommandProcessor shows suggestions after the last @ only when no space follows it, uses mesh peer nicknames in mesh context or geohashPeople display names in location context, excludes self, filters by prefix case-insensitively, and replaces text from the last @ through the end with @nickname plus a trailing space.","CommandProcessor.kt; InputComponents.kt; ChatScreen.kt; ChatViewModel.kt","Documented","Static code inspection","None found in static inspection.","Not needed","Not run","Needs fake state test."
"F057","Commands","/w who command","As a user I want /w to list online mesh users or geohash participants based on context.","CommandProcessor.handleWhoCommand builds a mesh online-users list from connected peer nicknames in mesh context, or a geohash participant list from geohashPeople excluding self in location context, then posts a system message with either the context label and names or no one else is around right now.","CommandProcessor.kt; ChatViewModel.kt","Documented","Static code inspection","None found in static inspection; user-facing command strings remain hardcoded and tracked in F089.","Not needed","Not run","Needs fake MeshService/viewmodel test."
"F058","Commands","/clear command","As a user I want /clear to clear the currently visible conversation context.","CommandProcessor.handleClearCommand checks selected private chat first and clears that peer conversation, else clears current channel messages when in a classic channel, else clears main messages and all channel messages through MessageManager.clearMessages.","CommandProcessor.kt; MessageManager.kt; ChatState.kt","Documented","Static code inspection","None found in static inspection.","Not needed","Not run","Needs unit tests."
"F059","Commands","/channels command","As a user I want /channels to list joined channels.","CommandProcessor.handleChannelsCommand reads ChannelManager.getJoinedChannelsList, posts no channels joined when empty, otherwise posts joined channels with the sorted channel list as a system message.","CommandProcessor.kt; ChannelManager.kt; MessageManager.kt","Documented","Static code inspection","None found in static inspection; user-facing command strings remain hardcoded and tracked in F089.","Not needed","Not run","Needs unit test."
"F060","Commands","/m or /msg command","As a user I want /msg to open a private chat and optionally send an immediate message.","CommandProcessor.handleMessageCommand resolves nickname to peer ID, starts PrivateChatManager, posts a started-chat system message when no body is supplied, and when content is supplied creates/sends a private message through PrivateChatManager and MessageRouter-backed routing when a ChatViewModel is available.","CommandProcessor.kt; PrivateChatManager.kt; MessageRouter.kt; ChatViewModel.kt","Documented","Static code inspection","None found in static inspection.","Not needed","Not run","Needs fake MeshService test."
"F061","Commands","/block command","As a user I want /block with no argument to list blocked users or with a nickname to block that peer.","CommandProcessor strips a leading @ and delegates block-by-nickname; with no argument it posts PrivateChatManager.listBlockedUsers.","CommandProcessor.kt; PrivateChatManager.kt; DataManager.kt","Documented","Static code inspection","None found","Not needed","Not run","Command result text is hardcoded and tracked under F089; needs fake MeshService test."
"F062","Commands","/unblock command","As a user I want /unblock nickname to allow messages from that peer again.","CommandProcessor strips a leading @, delegates unblock-by-nickname, and posts usage when no target is provided.","CommandProcessor.kt; PrivateChatManager.kt; DataManager.kt","Documented","Static code inspection","None found","Not needed","Not run","Command result text is hardcoded and tracked under F089; needs fake MeshService test."
"F063","Commands","/hug and /slap actions","As a user I want playful action commands to send formatted action messages in mesh, channel, private, or geohash context.","CommandProcessor builds a formatted action message, routes it through private/geohash/channel/public send paths, and ChatUserSheet triggers /slap and /hug actions.","CommandProcessor.kt; ChatUserSheet.kt","Documented","Static code inspection","None found","Not needed","Not run","Needs context matrix tests."
"F064","Commands","Unknown command handling","As a user I want typo commands to explain that the command is unknown.","CommandProcessor posts a system message for unknown commands and suggests typing / for available commands.","CommandProcessor.kt","Documented","Static code inspection","None found","Not needed","Not run","Existing tests are ignored; should re-enable with fake MeshService."
"F065","Location channels","Location channel sheet permissions","As a user I want location channel UI to explain permission state and offer settings if permission is denied.","LocationChannelsSheet now distinguishes app toggle, Android system location, and runtime permission: system-off shows a location-settings prompt; effective-enabled shows denied/settings or granted permission text.","LocationChannelsSheet.kt; LocationChannelManager.kt; strings.xml","Fixed pending verification","Static code inspection; Gradle execution blocked","System location off with app toggle on previously hid the real blocker and reused the enable button state.","Prompt added; app/system location states separated in UI","Static retest passed; Gradle wrapper download denied by sandbox","Needs permission UI test."
"F066","Location channels","Select mesh or geohash channel","As a user I want to switch between Bluetooth mesh and Nostr geohash location channels.","LocationChannelsSheet selects ChannelID.Mesh or ChannelID.Location; LocationChannelManager persists the selection and GeohashViewModel switches subscriptions and current geohash state.","LocationChannelsSheet.kt; GeohashViewModel.kt; LocationChannelManager.kt","Documented","Static code inspection","None found","Not needed","Not run","Needs fake manager test or instrumentation."
"F067","Location channels","Nearby channel list and participant counts","As a user I want nearby channels grouped by precision with names, coverage, and people counts.","LocationChannelsSheet lists available channels excluding building level, shows coverage/name, highlights channels with participants, and uses ? people for high-precision zero counts; Nostr presence/chat events update reactive counts.","LocationChannelsSheet.kt; GeohashViewModel.kt; GeohashMessageHandler.kt; GeohashRepository.kt","Documented","Static code inspection","None found","Not needed","Not run","Needs participant count unit tests."
"F068","Location channels","Geohash bookmarks","As a user I want to bookmark and revisit geohashes.","LocationChannelsSheet and ChatHeader toggle bookmarks; GeohashBookmarksStore normalizes, de-duplicates, persists bookmarks, and resolves friendly names.","LocationChannelsSheet.kt; ChatHeader.kt; GeohashBookmarksStore.kt","Documented","Static code inspection","None found","Not needed","Not run","Needs persistence test."
"F069","Location channels","Custom geohash teleport and map picker","As a user I want to type or select a custom geohash from a map and teleport to it.","LocationChannelsSheet filters custom input to valid geohash base32, accepts up to 12 chars, opens GeohashPickerActivity, and marks manual custom selections teleported before selecting the channel.","LocationChannelsSheet.kt; GeohashPickerActivity.kt; geohash_picker.html","Documented","Static code inspection","None found","Not needed","Not run","Needs activity result test."
"F070","Location channels","Location services enable/disable toggle","As a user I want to disable or enable location channels from the location sheet.","LocationChannelsSheet button now reflects the app-level location preference while nearby lists/live refresh remain gated by effective app-and-system state; LocationChannelManager persists the app toggle and clears location channels when disabled.","LocationChannelsSheet.kt; LocationChannelManager.kt; DataManager.kt; strings.xml","Fixed pending verification","Static code inspection; Gradle execution blocked","Button previously used effective location state, so app location could not be turned off from the sheet when Android system location was off.","Toggle changed to use appLocationEnabled; system-off prompt added","Static retest passed; Gradle wrapper download denied by sandbox","Needs state persistence test."
"F071","Geohash chat","Send geohash message","As a user I want messages in location channels to go through Nostr relays with my geohash identity.","ChatViewModel routes normal and command-generated public sends to GeohashViewModel when selected channel is Location; GeohashViewModel adds local geo timeline echo, derives geohash identity, creates kind 20000 event with nickname/teleport tags, and sends to nearest geohash relays.","ChatViewModel.kt; GeohashViewModel.kt; NostrProtocol.kt; NostrRelayManager.kt","Documented","Static code inspection","None found","Not needed","Not run","Requires network or mocked relay tests."
"F072","Geohash chat","Receive geohash messages and participants","As a user I want geohash messages and participant list to update from Nostr events.","GeohashViewModel subscribes to geohash events and geohash gift wraps; GeohashMessageHandler validates kind/geohash/PoW, drops blocked users, updates participants/nicknames/teleport state, ignores own events, and adds remote chat messages.","GeohashViewModel.kt; GeohashMessageHandler.kt; GeohashRepository.kt; NostrDirectMessageHandler.kt","Documented","Static code inspection","None found","Not needed","Not run","Needs Nostr event unit tests."
"F073","Geohash chat","Global presence heartbeat","As a user I want participant counts to reflect nearby online users while preserving privacy.","GeohashViewModel observes available channels, broadcasts kind 20001 presence only to precision <=5 geohashes, uses randomized loop/per-broadcast delays, and restarts when the channel set changes.","GeohashViewModel.kt; NostrProtocol.kt","Documented","Static code inspection","None found","Not needed","Not run","Needs timing/privacy tests with coroutine test scheduler."
"F074","Geohash chat","Geohash people list and DMs","As a user I want to see people in a geohash and start a DM from their pubkey or nickname.","GeohashPeopleList sorts current user first and latest activity after, shows unread/teleport states, and starts a geohash DM for other people; GeohashViewModel maps nostr_ conversation keys to pubkeys/source geohash and opens the private chat.","GeohashPeopleList.kt; GeohashViewModel.kt; NostrDirectMessageHandler.kt","Fixed pending verification","Static code inspection; Gradle execution blocked","A stale TODO claimed the geohash DM tap path needed re-enabling even though the code already invoked startGeohashDM.","Removed misleading TODO comment; behavior remains enabled","Static retest passed; Gradle wrapper download denied by sandbox","Needs UI test for tapping a geohash person."
"F075","Geohash chat","Block geohash user","As a user I want to block an abusive geohash user by nickname.","ChatViewModel delegates to GeohashViewModel.blockUserInGeohash, which resolves nickname to pubkey, persists the blocked pubkey, refreshes people/counts, drops future blocked events, and posts success/not-found system messages.","ChatViewModel.kt; GeohashViewModel.kt; GeohashRepository.kt; GeohashMessageHandler.kt; DataManager.kt","Documented","Static code inspection","None found","Not needed","Not run","Needs repository fake test."
"F076","Location notes","View and create location notes","As a user I want building-level location notes to load, show relay/no-relay/error states, and let me add a note.","LocationNotesSheetPresenter selects building geohash or shows acquiring/error sheet; LocationNotesSheet loads notes, shows no-relay/loading/empty/error states, and sends trimmed note content with nickname; presenter state text now uses string resources.","LocationNotesSheetPresenter.kt; LocationNotesSheet.kt; LocationNotesManager.kt; strings.xml","Fixed pending verification","Static search; Gradle execution blocked","Presenter hardcoded acquiring/error/enable-location strings were moved to string resources.","Fixed","Blocked: Gradle wrapper download denied by sandbox","Needs runtime/UI verification once tests/build can execute."
"F077","Nostr relay","Geohash relay directory refresh","As a user I want the app to find nearby relays from a bundled list and refresh from the network when possible.","BitchatApplication initializes RelayDirectory; RelayDirectory loads downloaded CSV when valid or bundled nostr_relays.csv otherwise, refreshes stale data in the background, normalizes bare relay hostnames to wss://, and returns nearest URLs by geohash center.","BitchatApplication.kt; RelayDirectory.kt; assets/nostr_relays.csv; NostrRelayManager.kt","Documented","Static code inspection","None found","Not needed","Not run","Network is restricted here; unit tests can cover CSV parse/nearest lookup."
"F078","Mesh transport","BLE discovery and mesh service","As a user I want the app to discover peers, advertise, connect, and relay packets over BLE.","BluetoothMeshService coordinates peer, fragment, security, store/forward, message, connection, and packet processors; start/stop honors BLE debug toggle, registers/unregisters bridge transport, starts/stops shared gossip, advertises/scans through GATT managers, and sends leave on stop.","BluetoothMeshService.kt; BluetoothConnectionManager.kt; BluetoothGattClientManager.kt; BluetoothGattServerManager.kt; PeerManager.kt; PowerManager.kt; TransportBridgeService.kt","Documented","Static code inspection","None found","Not needed","Not run","Hardware-dependent; needs device/instrumented verification."
"F079","Mesh transport","Wi-Fi Aware transport controls","As a user/developer I want Wi-Fi Aware mesh transport to be available when supported and controllable in debug settings.","BitchatApplication initializes WifiAwareController from persisted debug preference; controller exposes support/available/running/debug flows and gates startup on support, availability, location, and NEARBY_WIFI_DEVICES; DebugSettingsSheet exposes enable, verbose, start/stop, announce, discovered, and connected states.","wifi-aware/*.kt; DebugSettingsSheet.kt; BitchatApplication.kt; UnifiedMeshService.kt","Documented","Static code inspection","None found","Not needed","Not run","Requires supported Android hardware."
"F080","Mesh transport","Unified mesh service","As a user I want enabled transports to share the same UI and routing behavior.","UnifiedMeshService starts BLE and Wi-Fi Aware when enabled, refreshes delegates, merges peer lists from AppStateStore/BLE/Wi-Fi, routes public/channel sends by enabled BLE state, and routes private/file/verify traffic to the ready connected transport with fallbacks.","UnifiedMeshService.kt; MeshService.kt; MainActivity.kt; WifiAwareController.kt","Documented","Static code inspection","None found","Not needed","Not run","Needs fake transport test."
"F081","Mesh protocol","Fragmentation and reassembly","As a user sending large messages or files I want transfers fragmented and reassembled without duplicates.","FragmentManager and FragmentingPacketSender split oversized packets, track fragments, and support cancellation/progress.","FragmentManager.kt; FragmentingPacketSender.kt; MeshPacketUtils.kt","Documented","Existing unit tests present","None yet","Not started","Not run","Run existing tests before claiming pass."
"F082","Mesh protocol","Source routing and mesh graph","As a user I want the mesh to route unicast messages efficiently across known paths.","Source routing docs and MeshGraphService/RoutePlanner implement graph updates and route planning for packet routing.","docs/SOURCE_ROUTING.md; MeshGraphService.kt; RoutePlanner.kt; PacketRelayManager.kt","Documented","Existing unit tests present","None yet","Not started","Not run","Run MeshGraphServiceTest."
"F083","Mesh protocol","Store and forward","As an offline recipient I want messages delivered when I reconnect if store-and-forward is implemented.","StoreForwardManager contains in-memory cache/send helpers, but cacheMessage has no callers and BLE/Wi-Fi private-send paths initiate a handshake without queueing when no Noise session exists; README no longer advertises offline store-and-forward delivery.","StoreForwardManager.kt; BluetoothMeshService.kt; MeshCore.kt; README.md","Not implemented; no longer advertised","Static code inspection","README advertised store-and-forward, but no active send path queues offline messages.","UX false advertising fixed; feature implementation deferred","Blocked: Gradle wrapper download denied by sandbox","Implementing true offline queueing requires protocol/send-path design beyond this UX cleanup."
"F084","Mesh protocol","Announcement gossip/sync","As a user I want devices to exchange identity and seen-packet information to reduce duplicate traffic.","Sync docs, GossipSyncManager, GCSFilter, and announcement gossip docs describe and implement packet synchronization.","docs/sync.md; docs/ANNOUNCEMENT_GOSSIP.md; GossipSyncManager.kt; GCSFilter.kt","Documented","Existing unit tests present","None yet","Not started","Not run","Run GCSFilterTest and related tests."
"F085","Security","Private message encryption","As a user I want private messages protected end-to-end with Noise sessions.","Noise session manager/services and MessageRouter/BluetoothMeshService use established sessions for private content and handshakes.","NoiseSessionManager.kt; NoiseEncryptionService.kt; BluetoothMeshService.kt; MessageRouter.kt","Documented","Existing unit tests present","None yet","Not started","Not run","Run SecurityManagerTest and EncryptionServiceTest."
"F086","Security","Peer identity and fingerprints","As a user I want stable peer identity fingerprints and verified status surfaced across UI.","PeerManager tracks nicknames, fingerprints, Noise public keys, verification flags, RSSI/direct status; ChatViewModel caches fingerprint mappings.","PeerManager.kt; PeerFingerprintManager.kt; ChatViewModel.kt; SecureIdentityStateManager.kt","Documented","Existing unit tests present","None yet","Not started","Not run","Run PeerManagerTest."
"F087","Files and storage","Media cleanup on panic","As a user I want panic wipe to delete outgoing and incoming media files.","ChatViewModel.panicClearAllData calls FileUtils.clearAllMedia; FileUtils recursively deletes files/incoming, files/outgoing, images/incoming, images/outgoing, voicenotes, explicit cache media directories, and then cacheDir as a catch-all.","ChatViewModel.kt; FileUtils.kt","Documented","Static code inspection","None found","Not needed","Not run","Need temp-directory unit test."
"F088","Accessibility","Content descriptions for key controls","As an accessibility user I want icon buttons to expose meaningful content descriptions.","Strings include content descriptions for peer counts, Tor, geohash, media, verification, file/media controls, route indicators, favorite controls, and voice playback.","strings.xml; ChatHeader.kt; InputComponents.kt; MeshPeerListSheet.kt; GeohashPeopleList.kt; media/*.kt; VerificationSheet.kt","Partial","Code inspection; static search","Several hardcoded content descriptions were replaced with string resources; app-wide semantics coverage is still not fully audited.","Improved; pending full audit","Not run","Needs Compose semantics audit."
"F089","Localization","String resource coverage","As a non-English user I want user-facing text translated or at least in string resources.","Many strings are localized; LocationNotesSheetPresenter state text, onboarding permission descriptions/errors, selected accessibility labels, selected AboutSheet setting/status labels, and VerificationSheet tab/error labels now use default string resources, but some UI/debug/notification text and TODO translation placeholders remain.","strings.xml; values-*/strings.xml; PermissionManager.kt; OnboardingCoordinator.kt; MainActivity.kt; LocationNotesSheetPresenter.kt; AboutSheet.kt; VerificationSheet.kt; DebugSettingsSheet.kt; NotificationManager.kt","Partial","Code inspection; static search","Location notes presenter, onboarding permission/error strings, selected accessibility labels, selected AboutSheet labels/status strings, and VerificationSheet tab/error labels were moved to resources. Additional hardcoded/debug/notification strings and TODO translations remain.","Improved; pending broader UX fix","Not run","Logistical/UX issue category."
"F090","Build/test","Automated unit test suite","As a maintainer I want unit tests to cover protocol, managers, commands, and user-story behavior.","Gradle test task exists with unit and Robolectric tests; CommandProcessorTest ignored tests were re-enabled with a fake MeshService; autocomplete, channel password, persisted commitment, encrypted channel payload, and BitchatMessage envelope tests were added.","app/src/test/**/*; build.gradle.kts","Partial","Blocked: Gradle wrapper download denied by sandbox","Gradle wrapper attempted to download Gradle 8.13 and failed with network permission denied.","Tests added; execution blocked by missing local Gradle distribution","Blocked","Run .\\gradlew.bat testDebugUnitTest --tests ""com.bitchat.android.ui.CommandProcessorTest"" and .\\gradlew.bat testDebugUnitTest --tests ""com.bitchat.android.model.BitchatMessageTest"" once Gradle is cached."
